[
  {
    "Id": 2,
    "Name": "Kavya .S",
    "Grade": "9",
    "Class": "D",
    "School": "Velammal Matriculation School"
  },
  {
    "Id": 3,
    "Name": "Prakash",
    "Grade": "11",
    "Class": "C",
    "School": "PSBB Senior Secondary School"
  },
  {
    "Id": 4,
    "Name": "Meena",
    "Grade": "8",
    "Class": "D",
    "School": "Vidya Mandir Senior Secondary School"
  },
  {
    "Id": 5,
    "Name": "Sathish",
    "Grade": "12",
    "Class": "A",
    "School": "DAV School"
  },
  {
    "Id": 6,
    "Name": "Divya",
    "Grade": "10",
    "Class": "B",
    "School": "SRM Public School"
  },
  {
    "Id": 7,
    "Name": "Vignesh",
    "Grade": "9",
    "Class": "C",
    "School": "Chettinad Vidyashram"
  },
  {
    "Id": 8,
    "Name": "Lakshmi",
    "Grade": "11",
    "Class": "D",
    "School": "Bharatiya Vidya Bhavan"
  },
  {
    "Id": 9,
    "Name": "Karthik",
    "Grade": "8",
    "Class": "A",
    "School": "Don Bosco School"
  },
  {
    "Id": 10,
    "Name": "Revathi",
    "Grade": "12",
    "Class": "B",
    "School": "St. John's Matriculation School"
  }
]